Unnamed: 0,loc1,loc2,loc3,loc4,loc5,loc6,loc7,loc8,loc9,loc10,loc11,loc12,loc13,loc14,loc15,loc16,loc17,loc18,loc19,loc20,loc21,loc22,loc23
124,1,1,0,2,2,2,2,1,1,1,0,2,2,2,1,0,1,0,0,0,1,1,1
136,1,0,1,1,0,1,1,0,1,1,0,0,1,0,1,0,1,0,0,0,0,0,0
151,0,0,0,0,1,1,1,0,0,0,1,1,0,1,1,0,1,0,0,0,1,1,0
32,1,0,1,0,1,1,1,0,0,0,1,1,0,1,0,1,0,0,1,0,0,0,0
13,0,0,0,0,1,1,1,0,0,0,1,1,0,1,0,1,0,2,1,0,0,0,0
42,0,0,0,0,1,0,1,0,0,0,1,1,0,1,0,1,0,0,1,0,0,0,0
52,1,1,0,0,1,0,0,0,0,0,1,1,0,1,0,1,0,0,1,0,1,1,1
57,0,0,0,1,0,0,0,2,0,0,1,1,0,1,0,1,0,0,1,0,1,0,0
94,1,0,1,0,1,0,0,0,1,1,0,1,1,1,0,0,1,0,0,0,0,0,0
91,1,0,0,0,1,0,0,1,0,0,1,1,0,1,0,0,1,1,0,0,0,0,0
67,1,0,1,0,1,0,0,0,0,0,1,1,0,1,0,1,0,0,1,0,1,1,1
39,1,0,1,0,1,1,1,0,0,0,1,2,2,2,0,1,0,0,2,2,0,0,0
56,0,0,0,1,0,0,0,0,0,0,1,1,0,1,0,1,0,0,1,0,1,0,0
99,1,1,0,0,1,0,0,0,0,0,1,1,0,1,0,1,0,0,1,0,1,1,0
154,1,0,1,0,1,0,0,1,0,0,1,1,0,1,0,0,1,1,1,0,1,1,1
97,1,1,0,1,0,1,1,2,0,0,1,1,0,1,0,1,0,0,1,0,1,1,1
3,0,0,0,0,1,1,1,0,0,0,1,1,0,1,0,1,0,0,1,0,0,0,0
113,0,0,0,0,1,0,0,1,1,1,0,0,1,0,1,0,1,2,0,0,0,0,0
47,1,1,0,1,0,0,0,0,0,0,1,2,2,2,0,1,0,2,1,0,0,0,0
66,1,0,0,0,1,0,0,2,0,0,1,1,0,1,0,1,0,0,1,0,1,1,1
61,0,0,0,0,1,0,0,2,1,1,1,2,2,2,0,1,0,0,1,0,1,1,1
182,1,0,1,0,1,0,0,1,0,1,0,0,1,0,0,1,0,1,1,1,0,0,0
179,1,0,1,0,1,0,0,2,1,1,0,0,1,0,0,0,1,2,0,0,1,1,0
27,0,0,0,0,1,1,1,2,0,0,1,1,0,1,0,1,0,0,1,0,1,1,1
160,1,0,1,1,0,0,0,1,0,0,1,1,0,1,0,0,1,1,1,0,1,1,1
105,1,0,1,1,0,1,1,0,1,1,0,1,1,1,0,1,0,2,1,1,1,0,1
118,1,0,1,0,1,0,0,1,1,1,0,0,1,0,1,0,1,0,0,0,0,0,0
37,1,0,1,0,1,1,1,0,0,0,1,2,2,2,0,1,0,0,1,0,0,0,0
125,1,0,0,0,1,0,0,1,1,1,0,0,1,0,1,0,1,0,0,0,1,1,1
23,0,0,0,0,1,1,1,0,0,0,1,1,0,1,0,1,0,0,1,0,1,1,1
149,0,0,0,0,1,0,0,2,0,0,0,2,2,2,1,0,1,0,0,0,1,1,1
79,0,0,0,0,1,0,0,0,1,1,0,0,1,0,1,0,1,0,0,1,1,0,0
175,1,0,1,1,0,0,0,1,1,1,0,0,1,0,0,0,1,0,0,0,1,1,1
12,0,0,0,0,1,1,1,0,0,0,1,1,0,1,0,1,0,2,1,0,0,0,0
109,1,0,1,1,0,0,0,1,1,1,0,0,1,0,1,0,1,0,0,0,0,0,0
147,0,0,0,0,1,0,1,0,1,1,0,0,1,0,1,0,1,0,0,0,0,0,0
7,0,0,0,0,1,1,1,0,0,0,1,1,0,1,0,1,0,0,1,0,0,0,0
28,0,0,0,0,1,1,1,2,0,0,1,1,0,1,0,1,0,0,1,0,1,1,1
96,0,0,0,0,1,1,1,0,0,0,1,1,0,1,0,1,0,0,1,0,1,1,1
5,0,0,0,0,1,1,1,0,0,0,1,1,0,1,0,1,0,0,1,0,0,0,0
33,1,0,1,0,1,1,1,0,0,0,1,1,0,1,0,1,0,0,1,0,0,0,0
83,1,0,1,0,1,0,0,1,0,0,1,1,0,1,0,0,1,1,1,0,0,0,0
133,0,0,0,1,0,0,0,0,1,1,0,0,1,0,1,0,1,0,0,0,0,0,0
86,1,0,1,1,0,0,0,0,0,0,1,1,0,1,0,0,1,1,1,0,1,1,1
145,1,1,0,1,0,0,0,2,1,1,0,0,1,0,1,0,1,0,1,0,1,1,1
11,0,0,0,0,1,1,1,0,0,0,1,1,0,1,0,1,0,0,1,0,0,0,0
121,1,0,1,0,1,0,0,1,1,1,0,0,1,0,1,0,1,2,0,0,1,1,1
134,1,0,0,1,0,1,1,0,1,1,0,0,1,0,1,0,1,0,0,0,1,1,1
1,0,0,0,0,1,1,1,0,0,0,1,1,0,1,0,1,0,0,1,0,0,0,0
167,0,0,0,0,1,0,0,2,0,0,1,1,0,1,0,0,1,1,1,0,1,1,1
141,0,0,0,0,1,0,0,0,1,1,0,0,1,0,1,0,1,0,0,0,1,0,1
71,1,0,1,0,1,1,1,2,1,1,0,0,1,0,1,0,1,0,0,0,1,1,1
98,0,0,0,1,0,0,0,0,1,1,0,1,0,1,0,1,0,0,2,2,0,0,0
65,1,1,0,0,1,0,0,2,0,0,1,1,0,1,0,1,0,0,1,0,1,1,1
45,1,0,1,0,1,0,0,0,0,0,1,1,0,1,0,1,0,0,1,0,0,0,0
110,1,0,1,1,0,0,0,1,1,1,0,0,1,0,1,0,1,0,0,0,0,0,0
29,0,0,0,0,1,1,1,2,0,0,1,1,0,1,0,1,0,0,1,0,1,1,1
41,0,0,0,1,0,1,1,0,0,0,1,1,0,1,0,1,0,0,1,0,0,0,0
143,1,1,0,0,1,0,0,2,1,1,0,0,1,0,1,0,1,0,0,0,0,0,0
144,1,1,0,1,0,0,0,2,1,1,0,0,1,0,1,0,1,0,0,0,0,0,0
26,0,0,0,0,1,1,1,2,0,0,1,1,0,1,0,1,0,0,1,0,1,1,1
24,0,0,0,0,1,1,1,0,0,0,1,1,0,1,0,1,0,0,1,0,1,1,1
139,0,0,0,0,1,0,0,0,1,1,0,0,1,0,1,0,1,0,0,0,1,1,1
82,1,0,1,0,1,1,1,1,0,0,1,1,0,1,0,0,1,1,1,0,1,1,1
80,0,0,0,0,1,0,0,2,1,1,0,0,1,0,1,0,1,0,0,1,1,1,1
85,1,0,1,1,0,0,0,0,0,0,1,1,0,1,0,0,1,1,1,0,1,1,1
40,0,0,0,1,0,0,0,0,0,0,1,1,0,1,0,1,0,0,1,0,0,0,0
115,0,0,0,0,1,0,0,1,1,1,0,0,1,0,1,0,1,0,0,0,1,1,1
87,1,0,1,1,0,0,0,2,0,0,1,1,0,1,0,0,1,1,1,0,1,1,1
78,1,0,0,1,0,1,1,0,1,1,0,0,1,0,1,0,1,0,0,0,1,0,1
181,1,0,1,0,1,0,0,1,0,0,1,1,0,1,0,1,1,1,1,0,1,1,1
156,1,0,1,0,1,0,0,2,0,0,1,1,0,1,0,0,1,1,1,0,1,1,1
48,1,1,0,1,0,0,0,1,0,0,1,1,0,1,0,1,0,0,1,0,0,0,0
95,0,0,0,0,1,1,1,0,0,0,1,2,2,2,2,2,2,0,2,2,0,0,0
142,1,0,1,0,1,0,0,0,1,1,0,0,1,0,1,0,1,0,0,0,1,1,1
174,1,1,0,1,0,0,0,1,1,1,0,0,1,0,0,0,1,1,0,0,1,1,1
62,1,0,1,0,1,0,0,1,0,0,1,2,2,2,0,1,0,0,2,2,1,1,1
74,0,0,0,1,0,0,0,1,1,1,0,0,1,0,1,0,1,0,0,0,1,1,1
34,1,0,1,0,1,1,1,0,0,0,1,1,0,1,0,1,0,0,1,0,0,0,0
44,1,0,1,0,1,0,0,0,0,0,1,1,0,1,0,1,0,0,1,0,0,0,0
140,0,0,0,0,1,0,0,0,1,1,0,0,1,0,1,0,1,2,0,0,1,1,1
146,1,1,0,1,0,0,0,0,1,1,0,2,2,2,1,0,1,0,0,0,1,1,1
63,0,0,0,0,1,0,0,2,0,0,1,1,0,1,0,1,0,0,1,0,0,0,0
184,1,0,1,1,0,1,1,1,1,1,0,0,1,0,1,1,0,0,0,0,1,1,1
128,1,0,1,0,1,0,1,0,1,1,0,0,1,0,1,0,1,0,0,0,1,1,1
4,0,0,0,0,1,1,1,0,0,0,1,1,0,1,0,1,0,0,1,0,0,0,0
106,0,0,0,1,0,0,0,0,1,1,0,1,0,1,0,1,0,2,1,1,0,0,0
54,1,0,1,1,0,0,0,2,0,0,1,1,0,1,0,1,0,2,1,0,1,1,1
6,0,0,0,0,1,1,1,0,0,0,1,1,0,1,0,1,0,0,1,0,0,0,0
126,0,0,1,0,1,0,0,2,1,1,0,0,1,0,1,0,1,0,0,0,1,1,1
168,1,1,0,1,0,0,0,0,0,0,1,1,0,1,0,0,1,2,1,0,1,0,1
173,0,0,0,0,0,1,1,1,0,0,1,2,2,2,0,0,1,2,0,0,1,1,1
50,0,0,1,0,1,1,1,2,0,0,1,1,0,1,0,1,0,0,1,0,1,1,1
81,1,0,1,0,1,0,0,1,0,0,1,1,0,1,0,0,1,1,1,0,1,1,1
35,1,0,1,0,1,1,1,0,0,0,1,1,0,1,0,1,0,0,1,0,0,0,0
8,0,0,0,0,1,1,1,0,0,0,1,1,0,1,0,1,0,0,1,0,0,0,0
111,1,0,1,1,0,0,0,1,1,1,0,0,1,0,1,0,1,0,0,0,0,0,0
92,1,0,1,0,1,0,0,1,1,1,0,0,1,0,0,0,1,0,0,0,0,0,0
84,1,1,0,0,1,0,0,1,0,0,1,1,0,1,0,0,1,1,1,0,0,0,0
164,1,1,0,0,1,1,1,0,0,0,1,1,0,1,0,0,1,1,1,0,1,1,1
169,1,0,0,1,0,0,0,1,1,1,0,0,1,0,0,0,1,1,1,0,1,1,1
90,0,0,0,0,1,1,1,0,1,1,0,0,1,0,0,0,1,1,1,0,2,2,2
9,0,0,0,0,1,1,1,0,0,0,1,1,0,1,0,1,0,0,1,0,0,0,0
14,0,0,0,0,1,1,1,0,0,0,1,1,0,1,0,1,0,2,1,0,0,0,0
60,0,0,0,0,1,0,0,0,0,0,1,1,0,1,0,1,0,0,1,0,1,1,1
159,1,0,1,1,0,0,0,1,0,0,1,1,0,1,0,0,1,1,1,0,1,1,1
132,0,0,0,1,0,0,0,0,1,1,0,0,1,0,1,0,1,0,0,0,1,1,1
18,0,0,0,0,1,1,1,0,0,0,1,1,0,1,0,1,0,0,1,0,1,1,1
73,1,0,1,0,1,1,1,2,1,1,0,2,2,2,1,0,1,0,2,2,1,1,1
163,1,0,1,1,0,0,0,2,0,0,1,1,0,1,0,0,1,1,1,0,1,1,1
135,0,0,1,1,0,1,1,0,1,1,0,0,1,0,1,0,1,0,0,0,0,0,0
155,1,0,1,0,1,0,0,2,0,0,1,1,0,1,0,0,1,1,1,0,1,1,1
171,1,0,1,0,1,0,0,0,0,0,1,1,0,1,0,0,1,1,0,0,2,2,2
64,0,0,0,0,1,0,0,0,0,0,1,1,0,1,0,1,0,0,1,0,2,2,2
55,0,0,0,1,0,0,0,0,0,0,1,1,0,1,0,1,0,0,1,0,1,0,0
108,1,0,1,0,1,0,0,1,1,1,1,1,0,1,0,1,0,0,0,0,1,1,1
51,0,0,0,1,0,1,1,0,0,0,1,1,0,1,0,1,0,0,1,0,1,1,1
183,1,0,1,0,1,0,0,0,1,1,0,0,1,0,1,1,1,2,0,0,2,2,2
59,0,0,0,1,1,1,0,1,0,0,1,1,0,1,0,1,0,0,1,0,1,0,0
49,1,0,1,0,1,1,1,2,0,0,1,1,0,1,0,1,0,0,1,0,1,1,1
89,0,0,0,0,1,0,0,2,0,0,1,1,0,1,0,0,1,1,1,0,1,1,1
22,0,0,0,0,1,1,1,0,0,0,1,1,0,1,0,1,0,0,1,0,1,1,1
58,0,0,0,1,0,0,0,2,0,0,1,1,0,1,0,1,0,0,1,0,1,0,0
161,0,0,0,1,0,0,0,1,1,1,1,1,0,1,0,0,1,1,1,0,1,1,1
185,0,0,0,0,1,0,0,2,0,0,1,1,0,1,0,0,1,1,1,1,0,0,0
130,1,0,1,0,0,1,1,2,1,1,0,0,1,0,1,0,1,0,0,0,1,1,1
38,1,0,1,0,1,1,1,0,0,0,1,1,0,1,0,1,0,0,1,0,2,2,2
158,0,0,0,1,0,0,0,2,0,0,1,1,0,1,0,0,1,1,1,0,1,0,1
176,1,0,1,0,1,0,0,1,1,1,0,0,1,0,0,0,1,0,0,0,1,1,1
2,0,0,0,0,1,1,1,0,0,0,1,1,0,1,0,1,0,0,1,0,0,0,0
53,0,0,0,1,0,1,1,0,0,0,1,2,2,2,0,1,0,0,1,0,1,1,1
150,1,0,1,1,0,0,0,1,0,1,0,0,1,0,1,0,1,0,0,0,1,0,1
131,1,0,1,1,0,0,0,2,1,1,0,0,1,0,1,0,1,0,0,0,1,1,1
152,2,2,2,1,0,0,0,0,1,1,0,1,1,1,1,0,1,0,0,0,1,1,1
104,1,0,1,1,0,0,0,0,1,1,0,1,1,1,0,1,0,0,1,1,1,1,1
100,1,0,1,0,1,0,0,0,1,1,0,1,1,1,0,1,0,0,1,1,0,0,0
117,1,0,1,0,1,0,0,1,1,1,0,0,1,0,1,0,1,0,0,0,1,1,1
88,1,0,1,1,0,0,0,0,0,0,1,1,0,1,0,0,1,1,1,0,0,0,0
75,1,0,1,0,1,0,0,1,1,1,0,2,2,2,1,0,1,0,0,0,1,0,1
122,1,1,0,0,1,0,0,1,1,1,0,0,1,0,1,0,1,0,0,0,1,1,1
186,1,1,1,1,0,0,0,1,0,0,1,1,0,1,1,0,1,0,1,1,1,1,1
21,0,0,0,0,1,1,1,0,0,0,1,1,0,1,0,1,0,0,1,0,1,1,1
72,2,2,2,2,2,2,2,1,1,1,0,0,1,0,1,0,1,0,0,0,1,1,1
107,1,1,0,1,0,0,0,0,0,0,1,1,0,1,0,1,0,0,0,0,0,0,0
15,0,0,0,0,1,1,1,0,0,0,1,2,2,2,0,1,0,0,2,2,0,0,0
93,0,0,0,0,1,0,0,1,1,1,0,2,2,2,2,2,2,0,2,2,0,0,0
180,1,0,1,0,1,0,0,1,0,0,1,1,0,1,1,0,1,1,1,0,1,1,1
103,0,0,0,1,0,0,0,0,1,1,0,1,1,1,0,1,0,0,1,1,1,1,1
